{
  "annotations": {
    "list": [
      {
        "builtIn": 1,
        "datasource": {
          "type": "grafana",
          "uid": "-- Grafana --"
        },
        "enable": true,
        "hide": true,
        "iconColor": "rgba(0, 211, 255, 1)",
        "name": "Annotations & Alerts",
        "type": "dashboard"
      }
    ]
  },
  "editable": true,
  "fiscalYearStartMonth": 0,
  "graphTooltip": 0,
  "id": 2,
  "links": [],
  "panels": [
    {
      "datasource": {
        "type": "loki",
        "uid": "loki_ds"
      },
      "fieldConfig": {
        "defaults": {
          "custom": {
            "align": "auto",
            "cellOptions": {
              "type": "auto",
              "wrapText": false
            },
            "filterable": true,
            "inspect": true
          },
          "mappings": [],
          "thresholds": {
            "mode": "absolute",
            "steps": [
              {
                "color": "green"
              },
              {
                "color": "red",
                "value": 80
              }
            ]
          }
        },
        "overrides": [
          {
            "matcher": {
              "id": "byName",
              "options": "Time"
            },
            "properties": [
              {
                "id": "custom.width",
                "value": 173
              }
            ]
          },
          {
            "matcher": {
              "id": "byName",
              "options": "Line"
            },
            "properties": [
              {
                "id": "custom.width",
                "value": 577
              }
            ]
          },
          {
            "matcher": {
              "id": "byName",
              "options": "service_name"
            },
            "properties": [
              {
                "id": "custom.width",
                "value": 135
              }
            ]
          },
          {
            "matcher": {
              "id": "byName",
              "options": "Trace"
            },
            "properties": [
              {
                "id": "custom.width",
                "value": 102
              }
            ]
          },
          {
            "matcher": {
              "id": "byName",
              "options": "Service"
            },
            "properties": [
              {
                "id": "custom.width",
                "value": 154
              }
            ]
          },
          {
            "matcher": {
              "id": "byName",
              "options": "Log Level"
            },
            "properties": [
              {
                "id": "custom.cellOptions",
                "value": {
                  "type": "color-background"
                }
              },
              {
                "id": "mappings",
                "value": [
                  {
                    "options": {
                      "ERROR": {
                        "color": "red",
                        "index": 0
                      },
                      "INFO": {
                        "color": "light-green",
                        "index": 1
                      },
                      "WARN": {
                        "color": "light-yellow",
                        "index": 2
                      }
                    },
                    "type": "value"
                  }
                ]
              }
            ]
          },
          {
            "matcher": {
              "id": "byName",
              "options": "Message"
            },
            "properties": [
              {
                "id": "custom.width",
                "value": 908
              }
            ]
          }
        ]
      },
      "gridPos": {
        "h": 12,
        "w": 24,
        "x": 0,
        "y": 0
      },
      "id": 1,
      "options": {
        "cellHeight": "sm",
        "footer": {
          "countRows": false,
          "fields": "",
          "reducer": [
            "sum"
          ],
          "show": false
        },
        "showHeader": true,
        "sortBy": [
          {
            "desc": false,
            "displayName": "Time"
          }
        ]
      },
      "pluginVersion": "12.0.4",
      "targets": [
        {
          "datasource": {
            "type": "loki",
            "uid": "loki_ds"
          },
          "direction": "backward",
          "editorMode": "builder",
          "expr": "{service_name=~\"movie-service|actor-service|review-service\"} |= ``",
          "key": "Q-5210a7a9-e478-4347-bd23-a3e729d64446-0",
          "queryType": "range",
          "refId": "A"
        }
      ],
      "title": "Logs",
      "transformations": [
        {
          "id": "extractFields",
          "options": {
            "source": "labels"
          }
        },
        {
          "id": "organize",
          "options": {
            "excludeByName": {},
            "includeByName": {
              "Line": true,
              "Time": true,
              "Trace": true,
              "detected_level": true,
              "exception_message": true,
              "exception_stacktrace": true,
              "labels": false,
              "scope_name": true,
              "service_name": true
            },
            "indexByName": {
              "Line": 3,
              "Time": 0,
              "Trace": 1,
              "detected_level": 4,
              "service_name": 2
            },
            "renameByName": {
              "Line": "Message",
              "detected_level": "Log Level",
              "exception_message": "Exception Message",
              "exception_stacktrace": "Stacktrace",
              "scope_name": "Class",
              "service_name": "Service"
            }
          }
        },
        {
          "id": "sortBy",
          "options": {
            "fields": {},
            "sort": [
              {
                "field": "Time"
              }
            ]
          }
        }
      ],
      "type": "table"
    }
  ],
  "preload": false,
  "schemaVersion": 41,
  "tags": [],
  "templating": {
    "list": []
  },
  "time": {
    "from": "now-5m",
    "to": "now"
  },
  "timepicker": {},
  "timezone": "browser",
  "title": "TraceFlix Logs",
  "uid": "953bc560-da51-457b-91f3-e4407bcfd667",
  "version": 1
}