{
  "annotations": {
    "list": [
      {
        "builtIn": 1,
        "datasource": {
          "type": "grafana",
          "uid": "-- Grafana --"
        },
        "enable": true,
        "hide": true,
        "iconColor": "rgba(0, 211, 255, 1)",
        "name": "Annotations & Alerts",
        "type": "dashboard"
      }
    ]
  },
  "description": "HTTP and JMX Metrics. Created by vinsguru for Udemy course.",
  "editable": true,
  "fiscalYearStartMonth": 0,
  "graphTooltip": 0,
  "id": 4,
  "links": [
    {
      "asDropdown": false,
      "icon": "external link",
      "includeVars": false,
      "keepTime": true,
      "tags": [
        "logs"
      ],
      "targetBlank": true,
      "title": "Logs",
      "tooltip": "",
      "type": "dashboards",
      "url": ""
    },
    {
      "asDropdown": false,
      "icon": "external link",
      "includeVars": false,
      "keepTime": true,
      "tags": [
        "traces"
      ],
      "targetBlank": true,
      "title": "Traces",
      "tooltip": "",
      "type": "dashboards",
      "url": ""
    }
  ],
  "panels": [
    {
      "collapsed": false,
      "gridPos": {
        "h": 1,
        "w": 24,
        "x": 0,
        "y": 0
      },
      "id": 10,
      "panels": [],
      "title": "HTTP",
      "type": "row"
    },
    {
      "datasource": {
        "type": "prometheus",
        "uid": "prometheus_ds"
      },
      "fieldConfig": {
        "defaults": {
          "color": {
            "mode": "thresholds"
          },
          "mappings": [],
          "noValue": "0",
          "thresholds": {
            "mode": "absolute",
            "steps": [
              {
                "color": "green",
                "value": 0
              }
            ]
          }
        },
        "overrides": []
      },
      "gridPos": {
        "h": 13,
        "w": 4,
        "x": 0,
        "y": 1
      },
      "id": 1,
      "options": {
        "colorMode": "value",
        "graphMode": "area",
        "justifyMode": "center",
        "orientation": "auto",
        "percentChangeColorMode": "standard",
        "reduceOptions": {
          "calcs": [
            "lastNotNull"
          ],
          "fields": "",
          "values": false
        },
        "showPercentChange": false,
        "textMode": "auto",
        "wideLayout": true
      },
      "pluginVersion": "12.2.0-16711121739",
      "targets": [
        {
          "datasource": {
            "type": "prometheus",
            "uid": "prometheus_ds"
          },
          "editorMode": "code",
          "exemplar": false,
          "expr": "sum(increase(http_server_request_duration_seconds_count{exported_job=\"${exported_job}\"}[$__range]))",
          "instant": true,
          "legendFormat": "__auto",
          "range": false,
          "refId": "A"
        }
      ],
      "title": "Total Request Count",
      "type": "stat"
    },
    {
      "datasource": {
        "type": "prometheus",
        "uid": "prometheus_ds"
      },
      "fieldConfig": {
        "defaults": {
          "color": {
            "mode": "thresholds"
          },
          "mappings": [],
          "noValue": "0",
          "thresholds": {
            "mode": "absolute",
            "steps": [
              {
                "color": "green",
                "value": 0
              }
            ]
          }
        },
        "overrides": []
      },
      "gridPos": {
        "h": 5,
        "w": 4,
        "x": 4,
        "y": 1
      },
      "id": 15,
      "options": {
        "colorMode": "value",
        "graphMode": "area",
        "justifyMode": "center",
        "orientation": "auto",
        "percentChangeColorMode": "standard",
        "reduceOptions": {
          "calcs": [
            "lastNotNull"
          ],
          "fields": "",
          "values": false
        },
        "showPercentChange": false,
        "textMode": "auto",
        "wideLayout": true
      },
      "pluginVersion": "12.2.0-16711121739",
      "targets": [
        {
          "datasource": {
            "type": "prometheus",
            "uid": "prometheus_ds"
          },
          "editorMode": "code",
          "exemplar": false,
          "expr": "sum(increase(http_server_request_duration_seconds_count{exported_job=\"${exported_job}\", http_response_status_code=\"200\"}[$__range]))",
          "instant": true,
          "legendFormat": "__auto",
          "range": false,
          "refId": "A"
        }
      ],
      "title": "Success Request Count",
      "type": "stat"
    },
    {
      "datasource": {
        "type": "prometheus",
        "uid": "prometheus_ds"
      },
      "fieldConfig": {
        "defaults": {
          "color": {
            "mode": "thresholds"
          },
          "mappings": [],
          "noValue": "0",
          "thresholds": {
            "mode": "absolute",
            "steps": [
              {
                "color": "orange",
                "value": 0
              }
            ]
          }
        },
        "overrides": []
      },
      "gridPos": {
        "h": 5,
        "w": 4,
        "x": 8,
        "y": 1
      },
      "id": 16,
      "options": {
        "colorMode": "value",
        "graphMode": "area",
        "justifyMode": "center",
        "orientation": "auto",
        "percentChangeColorMode": "standard",
        "reduceOptions": {
          "calcs": [
            "lastNotNull"
          ],
          "fields": "",
          "values": false
        },
        "showPercentChange": false,
        "textMode": "auto",
        "wideLayout": true
      },
      "pluginVersion": "12.2.0-16711121739",
      "targets": [
        {
          "datasource": {
            "type": "prometheus",
            "uid": "prometheus_ds"
          },
          "editorMode": "code",
          "exemplar": false,
          "expr": "sum(increase(http_server_request_duration_seconds_count{exported_job=\"${exported_job}\", http_response_status_code!~\"2..\"}[$__range]))",
          "instant": true,
          "legendFormat": "__auto",
          "range": false,
          "refId": "A"
        }
      ],
      "title": "Failed Request Count",
      "type": "stat"
    },
    {
      "datasource": {
        "type": "prometheus",
        "uid": "prometheus_ds"
      },
      "fieldConfig": {
        "defaults": {
          "color": {
            "mode": "thresholds"
          },
          "fieldMinMax": false,
          "mappings": [],
          "noValue": "0 req/s",
          "thresholds": {
            "mode": "absolute",
            "steps": [
              {
                "color": "green",
                "value": 0
              }
            ]
          },
          "unit": "reqps"
        },
        "overrides": []
      },
      "gridPos": {
        "h": 5,
        "w": 4,
        "x": 12,
        "y": 1
      },
      "id": 5,
      "options": {
        "colorMode": "value",
        "graphMode": "none",
        "justifyMode": "auto",
        "orientation": "auto",
        "percentChangeColorMode": "standard",
        "reduceOptions": {
          "calcs": [
            "lastNotNull"
          ],
          "fields": "",
          "values": false
        },
        "showPercentChange": false,
        "text": {},
        "textMode": "auto",
        "wideLayout": true
      },
      "pluginVersion": "12.2.0-16711121739",
      "targets": [
        {
          "datasource": {
            "type": "prometheus",
            "uid": "prometheus_ds"
          },
          "editorMode": "code",
          "expr": "sum(rate(http_server_request_duration_seconds_count{exported_job=\"${exported_job}\",http_response_status_code=~\"2..\"}[$__range]))",
          "instant": false,
          "legendFormat": "__auto",
          "range": true,
          "refId": "A"
        }
      ],
      "title": "2xx Rate",
      "type": "stat"
    },
    {
      "datasource": {
        "type": "prometheus",
        "uid": "prometheus_ds"
      },
      "fieldConfig": {
        "defaults": {
          "color": {
            "mode": "thresholds"
          },
          "mappings": [],
          "noValue": "0 req/s",
          "thresholds": {
            "mode": "absolute",
            "steps": [
              {
                "color": "yellow",
                "value": 0
              }
            ]
          },
          "unit": "reqps"
        },
        "overrides": []
      },
      "gridPos": {
        "h": 5,
        "w": 4,
        "x": 16,
        "y": 1
      },
      "id": 4,
      "options": {
        "colorMode": "value",
        "graphMode": "none",
        "justifyMode": "auto",
        "orientation": "auto",
        "percentChangeColorMode": "standard",
        "reduceOptions": {
          "calcs": [
            "lastNotNull"
          ],
          "fields": "",
          "values": false
        },
        "showPercentChange": false,
        "textMode": "auto",
        "wideLayout": true
      },
      "pluginVersion": "12.2.0-16711121739",
      "targets": [
        {
          "datasource": {
            "type": "prometheus",
            "uid": "prometheus_ds"
          },
          "editorMode": "code",
          "expr": "sum(rate(http_server_request_duration_seconds_count{exported_job=\"${exported_job}\",http_response_status_code=~\"4..\"}[$__range]))",
          "instant": false,
          "legendFormat": "__auto",
          "range": true,
          "refId": "A"
        }
      ],
      "title": "4xx Rate",
      "type": "stat"
    },
    {
      "datasource": {
        "type": "prometheus",
        "uid": "prometheus_ds"
      },
      "fieldConfig": {
        "defaults": {
          "color": {
            "mode": "thresholds"
          },
          "mappings": [],
          "noValue": "0 req/s",
          "thresholds": {
            "mode": "absolute",
            "steps": [
              {
                "color": "red",
                "value": 0
              }
            ]
          },
          "unit": "reqps"
        },
        "overrides": []
      },
      "gridPos": {
        "h": 5,
        "w": 4,
        "x": 20,
        "y": 1
      },
      "id": 13,
      "options": {
        "colorMode": "value",
        "graphMode": "none",
        "justifyMode": "auto",
        "orientation": "auto",
        "percentChangeColorMode": "standard",
        "reduceOptions": {
          "calcs": [
            "lastNotNull"
          ],
          "fields": "",
          "values": false
        },
        "showPercentChange": false,
        "text": {},
        "textMode": "auto",
        "wideLayout": true
      },
      "pluginVersion": "12.2.0-16711121739",
      "targets": [
        {
          "datasource": {
            "type": "prometheus",
            "uid": "prometheus_ds"
          },
          "editorMode": "code",
          "expr": "sum(rate(http_server_request_duration_seconds_count{exported_job=\"${exported_job}\",http_response_status_code=~\"5..\"}[$__range]))",
          "instant": false,
          "legendFormat": "__auto",
          "range": true,
          "refId": "A"
        }
      ],
      "title": "5xx Rate",
      "type": "stat"
    },
    {
      "datasource": {
        "type": "prometheus",
        "uid": "prometheus_ds"
      },
      "fieldConfig": {
        "defaults": {
          "color": {
            "mode": "thresholds"
          },
          "mappings": [],
          "noValue": "N/A",
          "thresholds": {
            "mode": "absolute",
            "steps": [
              {
                "color": "red",
                "value": 0
              },
              {
                "color": "yellow",
                "value": 90
              },
              {
                "color": "green",
                "value": 98
              }
            ]
          },
          "unit": "percent"
        },
        "overrides": []
      },
      "gridPos": {
        "h": 8,
        "w": 8,
        "x": 4,
        "y": 6
      },
      "id": 3,
      "options": {
        "minVizHeight": 75,
        "minVizWidth": 75,
        "orientation": "auto",
        "reduceOptions": {
          "calcs": [
            "lastNotNull"
          ],
          "fields": "",
          "values": false
        },
        "showThresholdLabels": false,
        "showThresholdMarkers": true,
        "sizing": "auto"
      },
      "pluginVersion": "12.2.0-16711121739",
      "targets": [
        {
          "datasource": {
            "type": "prometheus",
            "uid": "prometheus_ds"
          },
          "editorMode": "code",
          "expr": "sum(increase(http_server_request_duration_seconds_count{exported_job=\"${exported_job}\",http_response_status_code=\"200\"}[$__range]))/sum(increase(http_server_request_duration_seconds_count{exported_job=\"${exported_job}\"}[$__range]))*100",
          "instant": false,
          "legendFormat": "__auto",
          "range": true,
          "refId": "A"
        }
      ],
      "title": "Success Percentage",
      "type": "gauge"
    },
    {
      "datasource": {
        "type": "prometheus",
        "uid": "prometheus_ds"
      },
      "fieldConfig": {
        "defaults": {
          "color": {
            "mode": "palette-classic"
          },
          "custom": {
            "axisBorderShow": false,
            "axisCenteredZero": false,
            "axisColorMode": "text",
            "axisLabel": "",
            "axisPlacement": "auto",
            "barAlignment": 0,
            "barWidthFactor": 0.6,
            "drawStyle": "line",
            "fillOpacity": 8,
            "gradientMode": "none",
            "hideFrom": {
              "legend": false,
              "tooltip": false,
              "viz": false
            },
            "insertNulls": false,
            "lineInterpolation": "smooth",
            "lineStyle": {
              "fill": "solid"
            },
            "lineWidth": 2,
            "pointSize": 5,
            "scaleDistribution": {
              "type": "linear"
            },
            "showPoints": "auto",
            "spanNulls": false,
            "stacking": {
              "group": "A",
              "mode": "none"
            },
            "thresholdsStyle": {
              "mode": "off"
            }
          },
          "mappings": [],
          "thresholds": {
            "mode": "absolute",
            "steps": [
              {
                "color": "green",
                "value": 0
              },
              {
                "color": "red",
                "value": 80
              }
            ]
          }
        },
        "overrides": [
          {
            "matcher": {
              "id": "byFrameRefID",
              "options": "5xx"
            },
            "properties": [
              {
                "id": "displayName",
                "value": "5xx"
              }
            ]
          },
          {
            "matcher": {
              "id": "byFrameRefID",
              "options": "2xx,3xx"
            },
            "properties": [
              {
                "id": "displayName",
                "value": "2xx,3xx"
              }
            ]
          },
          {
            "matcher": {
              "id": "byFrameRefID",
              "options": "4xx"
            },
            "properties": [
              {
                "id": "displayName",
                "value": "4xx"
              }
            ]
          },
          {
            "matcher": {
              "id": "byName",
              "options": "5xx"
            },
            "properties": [
              {
                "id": "color",
                "value": {
                  "fixedColor": "red",
                  "mode": "fixed"
                }
              }
            ]
          }
        ]
      },
      "gridPos": {
        "h": 8,
        "w": 12,
        "x": 12,
        "y": 6
      },
      "id": 8,
      "options": {
        "legend": {
          "calcs": [],
          "displayMode": "list",
          "placement": "bottom",
          "showLegend": true
        },
        "tooltip": {
          "hideZeros": false,
          "mode": "single",
          "sort": "none"
        }
      },
      "pluginVersion": "12.2.0-16711121739",
      "targets": [
        {
          "datasource": {
            "type": "prometheus",
            "uid": "prometheus_ds"
          },
          "editorMode": "code",
          "expr": "sum(rate(http_server_request_duration_seconds_count{exported_job=\"${exported_job}\",http_response_status_code=~\"2..\"}[$__range]))",
          "instant": false,
          "legendFormat": "__auto",
          "range": true,
          "refId": "2xx,3xx"
        },
        {
          "datasource": {
            "type": "prometheus",
            "uid": "prometheus_ds"
          },
          "editorMode": "code",
          "expr": "sum(rate(http_server_request_duration_seconds_count{exported_job=\"${exported_job}\",http_response_status_code=~\"4..\"}[$__range]))",
          "hide": false,
          "instant": false,
          "legendFormat": "__auto",
          "range": true,
          "refId": "4xx"
        },
        {
          "datasource": {
            "type": "prometheus",
            "uid": "prometheus_ds"
          },
          "editorMode": "code",
          "expr": "sum(rate(http_server_request_duration_seconds_count{exported_job=\"${exported_job}\",http_response_status_code=~\"5..\"}[$__range]))",
          "hide": false,
          "instant": false,
          "legendFormat": "__auto",
          "range": true,
          "refId": "5xx"
        }
      ],
      "title": "Request Rate Trend",
      "type": "timeseries"
    },
    {
      "datasource": {
        "type": "prometheus",
        "uid": "prometheus_ds"
      },
      "fieldConfig": {
        "defaults": {
          "color": {
            "mode": "palette-classic"
          },
          "custom": {
            "axisBorderShow": true,
            "axisCenteredZero": false,
            "axisColorMode": "text",
            "axisLabel": "",
            "axisPlacement": "auto",
            "barAlignment": 0,
            "barWidthFactor": 0.6,
            "drawStyle": "line",
            "fillOpacity": 7,
            "gradientMode": "none",
            "hideFrom": {
              "legend": false,
              "tooltip": false,
              "viz": false
            },
            "insertNulls": false,
            "lineInterpolation": "smooth",
            "lineWidth": 2,
            "pointSize": 5,
            "scaleDistribution": {
              "type": "linear"
            },
            "showPoints": "auto",
            "spanNulls": false,
            "stacking": {
              "group": "A",
              "mode": "none"
            },
            "thresholdsStyle": {
              "mode": "off"
            }
          },
          "mappings": [],
          "thresholds": {
            "mode": "absolute",
            "steps": [
              {
                "color": "green",
                "value": 0
              },
              {
                "color": "red",
                "value": 80
              }
            ]
          },
          "unit": "s"
        },
        "overrides": [
          {
            "matcher": {
              "id": "byFrameRefID",
              "options": "P50"
            },
            "properties": [
              {
                "id": "displayName",
                "value": "P50"
              }
            ]
          },
          {
            "matcher": {
              "id": "byFrameRefID",
              "options": "P90"
            },
            "properties": [
              {
                "id": "displayName",
                "value": "P90"
              }
            ]
          },
          {
            "matcher": {
              "id": "byFrameRefID",
              "options": "P99"
            },
            "properties": [
              {
                "id": "displayName",
                "value": "P99"
              }
            ]
          }
        ]
      },
      "gridPos": {
        "h": 15,
        "w": 12,
        "x": 0,
        "y": 14
      },
      "id": 9,
      "options": {
        "legend": {
          "calcs": [],
          "displayMode": "list",
          "placement": "bottom",
          "showLegend": true
        },
        "tooltip": {
          "hideZeros": false,
          "mode": "single",
          "sort": "none"
        }
      },
      "pluginVersion": "12.2.0-16711121739",
      "targets": [
        {
          "datasource": {
            "type": "prometheus",
            "uid": "prometheus_ds"
          },
          "editorMode": "code",
          "expr": "histogram_quantile(0.5,sum(rate(http_server_request_duration_seconds_bucket{exported_job=\"${exported_job}\"}[$__range])) by (le))",
          "instant": false,
          "legendFormat": "__auto",
          "range": true,
          "refId": "P50"
        },
        {
          "datasource": {
            "type": "prometheus",
            "uid": "prometheus_ds"
          },
          "editorMode": "code",
          "expr": "histogram_quantile(0.9,sum(rate(http_server_request_duration_seconds_bucket{exported_job=\"${exported_job}\"}[$__range])) by (le))",
          "hide": false,
          "instant": false,
          "legendFormat": "__auto",
          "range": true,
          "refId": "P90"
        },
        {
          "datasource": {
            "type": "prometheus",
            "uid": "prometheus_ds"
          },
          "editorMode": "code",
          "expr": "histogram_quantile(0.99,sum(rate(http_server_request_duration_seconds_bucket{exported_job=\"${exported_job}\"}[$__range])) by (le))",
          "hide": false,
          "instant": false,
          "legendFormat": "__auto",
          "range": true,
          "refId": "P99"
        }
      ],
      "title": "P50/P90/P99 Request Duration Trend",
      "type": "timeseries"
    },
    {
      "datasource": {
        "type": "prometheus",
        "uid": "prometheus_ds"
      },
      "fieldConfig": {
        "defaults": {
          "color": {
            "mode": "palette-classic"
          },
          "custom": {
            "axisBorderShow": true,
            "axisCenteredZero": false,
            "axisColorMode": "text",
            "axisLabel": "",
            "axisPlacement": "auto",
            "barAlignment": 0,
            "barWidthFactor": 0.6,
            "drawStyle": "line",
            "fillOpacity": 19,
            "gradientMode": "none",
            "hideFrom": {
              "legend": false,
              "tooltip": false,
              "viz": false
            },
            "insertNulls": false,
            "lineInterpolation": "smooth",
            "lineStyle": {
              "fill": "solid"
            },
            "lineWidth": 2,
            "pointSize": 5,
            "scaleDistribution": {
              "type": "linear"
            },
            "showPoints": "auto",
            "spanNulls": false,
            "stacking": {
              "group": "A",
              "mode": "none"
            },
            "thresholdsStyle": {
              "mode": "off"
            }
          },
          "mappings": [],
          "thresholds": {
            "mode": "absolute",
            "steps": [
              {
                "color": "green",
                "value": 0
              }
            ]
          },
          "unit": "s"
        },
        "overrides": [
          {
            "matcher": {
              "id": "byName",
              "options": "Value"
            },
            "properties": [
              {
                "id": "displayName",
                "value": "Avg Response Time"
              }
            ]
          }
        ]
      },
      "gridPos": {
        "h": 15,
        "w": 12,
        "x": 12,
        "y": 14
      },
      "id": 7,
      "options": {
        "legend": {
          "calcs": [],
          "displayMode": "list",
          "placement": "bottom",
          "showLegend": true
        },
        "tooltip": {
          "hideZeros": false,
          "mode": "single",
          "sort": "none"
        }
      },
      "pluginVersion": "12.2.0-16711121739",
      "targets": [
        {
          "datasource": {
            "type": "prometheus",
            "uid": "prometheus_ds"
          },
          "editorMode": "code",
          "exemplar": false,
          "expr": "sum(\n  rate(http_server_request_duration_seconds_sum{exported_job=\"${exported_job}\"}[$__range])\n)\n/\nsum(\n  rate(http_server_request_duration_seconds_count{exported_job=\"${exported_job}\"}[$__range])\n)",
          "hide": false,
          "instant": false,
          "legendFormat": "__auto",
          "range": true,
          "refId": "Avg Response Time"
        }
      ],
      "title": "Average Request Duration",
      "type": "timeseries"
    },
    {
      "collapsed": true,
      "gridPos": {
        "h": 1,
        "w": 24,
        "x": 0,
        "y": 29
      },
      "id": 17,
      "panels": [
        {
          "datasource": {
            "type": "prometheus",
            "uid": "prometheus_ds"
          },
          "fieldConfig": {
            "defaults": {
              "color": {
                "mode": "palette-classic"
              },
              "custom": {
                "axisBorderShow": false,
                "axisCenteredZero": false,
                "axisColorMode": "text",
                "axisLabel": "",
                "axisPlacement": "auto",
                "barAlignment": 0,
                "barWidthFactor": 0.6,
                "drawStyle": "line",
                "fillOpacity": 0,
                "gradientMode": "none",
                "hideFrom": {
                  "legend": false,
                  "tooltip": false,
                  "viz": false
                },
                "insertNulls": false,
                "lineInterpolation": "smooth",
                "lineWidth": 2,
                "pointSize": 5,
                "scaleDistribution": {
                  "type": "linear"
                },
                "showPoints": "auto",
                "spanNulls": false,
                "stacking": {
                  "group": "A",
                  "mode": "none"
                },
                "thresholdsStyle": {
                  "mode": "off"
                }
              },
              "mappings": [],
              "thresholds": {
                "mode": "absolute",
                "steps": [
                  {
                    "color": "green",
                    "value": 0
                  },
                  {
                    "color": "red",
                    "value": 80
                  }
                ]
              },
              "unit": "percentunit"
            },
            "overrides": []
          },
          "gridPos": {
            "h": 9,
            "w": 12,
            "x": 0,
            "y": 30
          },
          "id": 22,
          "options": {
            "legend": {
              "calcs": [],
              "displayMode": "list",
              "placement": "bottom",
              "showLegend": true
            },
            "tooltip": {
              "hideZeros": false,
              "mode": "single",
              "sort": "none"
            }
          },
          "pluginVersion": "12.2.0-16711121739",
          "targets": [
            {
              "datasource": {
                "type": "prometheus",
                "uid": "prometheus_ds"
              },
              "editorMode": "code",
              "expr": "jvm_cpu_recent_utilization_ratio{exported_job=\"${exported_job}\"}",
              "instant": false,
              "legendFormat": "CPU",
              "range": true,
              "refId": "A"
            }
          ],
          "title": "CPU Utilization",
          "type": "timeseries"
        },
        {
          "datasource": {
            "type": "prometheus",
            "uid": "prometheus_ds"
          },
          "fieldConfig": {
            "defaults": {
              "color": {
                "mode": "palette-classic"
              },
              "custom": {
                "axisBorderShow": false,
                "axisCenteredZero": false,
                "axisColorMode": "text",
                "axisLabel": "",
                "axisPlacement": "auto",
                "barAlignment": 0,
                "barWidthFactor": 0.6,
                "drawStyle": "line",
                "fillOpacity": 0,
                "gradientMode": "none",
                "hideFrom": {
                  "legend": false,
                  "tooltip": false,
                  "viz": false
                },
                "insertNulls": false,
                "lineInterpolation": "smooth",
                "lineWidth": 2,
                "pointSize": 5,
                "scaleDistribution": {
                  "type": "linear"
                },
                "showPoints": "auto",
                "spanNulls": false,
                "stacking": {
                  "group": "A",
                  "mode": "none"
                },
                "thresholdsStyle": {
                  "mode": "off"
                }
              },
              "mappings": [],
              "thresholds": {
                "mode": "absolute",
                "steps": [
                  {
                    "color": "green",
                    "value": 0
                  },
                  {
                    "color": "red",
                    "value": 80
                  }
                ]
              },
              "unit": "percentunit"
            },
            "overrides": []
          },
          "gridPos": {
            "h": 9,
            "w": 12,
            "x": 12,
            "y": 30
          },
          "id": 20,
          "options": {
            "legend": {
              "calcs": [],
              "displayMode": "list",
              "placement": "bottom",
              "showLegend": true
            },
            "tooltip": {
              "hideZeros": false,
              "mode": "single",
              "sort": "none"
            }
          },
          "pluginVersion": "12.2.0-16711121739",
          "targets": [
            {
              "datasource": {
                "type": "prometheus",
                "uid": "prometheus_ds"
              },
              "editorMode": "code",
              "expr": "sum by (jvm_memory_type) (\n  avg_over_time(jvm_memory_used_bytes{exported_job=\"${exported_job}\"}[$__range])\n)\n/\nsum by (jvm_memory_type) (\n  avg_over_time(jvm_memory_limit_bytes{exported_job=\"${exported_job}\"}[$__range])\n)",
              "instant": false,
              "legendFormat": "__auto",
              "range": true,
              "refId": "A"
            }
          ],
          "title": "Memory Utilization",
          "type": "timeseries"
        },
        {
          "datasource": {
            "type": "prometheus",
            "uid": "prometheus_ds"
          },
          "fieldConfig": {
            "defaults": {
              "color": {
                "mode": "palette-classic"
              },
              "custom": {
                "axisBorderShow": false,
                "axisCenteredZero": false,
                "axisColorMode": "text",
                "axisLabel": "",
                "axisPlacement": "auto",
                "barAlignment": 0,
                "barWidthFactor": 0.6,
                "drawStyle": "line",
                "fillOpacity": 0,
                "gradientMode": "none",
                "hideFrom": {
                  "legend": false,
                  "tooltip": false,
                  "viz": false
                },
                "insertNulls": false,
                "lineInterpolation": "smooth",
                "lineWidth": 2,
                "pointSize": 5,
                "scaleDistribution": {
                  "type": "linear"
                },
                "showPoints": "auto",
                "spanNulls": false,
                "stacking": {
                  "group": "A",
                  "mode": "none"
                },
                "thresholdsStyle": {
                  "mode": "off"
                }
              },
              "mappings": [],
              "thresholds": {
                "mode": "absolute",
                "steps": [
                  {
                    "color": "green",
                    "value": 0
                  },
                  {
                    "color": "red",
                    "value": 80
                  }
                ]
              }
            },
            "overrides": []
          },
          "gridPos": {
            "h": 11,
            "w": 8,
            "x": 0,
            "y": 39
          },
          "id": 18,
          "options": {
            "legend": {
              "calcs": [],
              "displayMode": "list",
              "placement": "bottom",
              "showLegend": true
            },
            "tooltip": {
              "hideZeros": false,
              "mode": "single",
              "sort": "none"
            }
          },
          "pluginVersion": "12.2.0-16711121739",
          "targets": [
            {
              "datasource": {
                "type": "prometheus",
                "uid": "prometheus_ds"
              },
              "editorMode": "code",
              "expr": "sum by (jvm_thread_state) (\n  jvm_thread_count{exported_job=\"${exported_job}\"}\n)",
              "instant": false,
              "legendFormat": "__auto",
              "range": true,
              "refId": "A"
            }
          ],
          "title": "Thread State Count",
          "type": "timeseries"
        },
        {
          "datasource": {
            "type": "prometheus",
            "uid": "prometheus_ds"
          },
          "fieldConfig": {
            "defaults": {
              "color": {
                "mode": "palette-classic"
              },
              "custom": {
                "axisBorderShow": false,
                "axisCenteredZero": false,
                "axisColorMode": "text",
                "axisLabel": "",
                "axisPlacement": "auto",
                "barAlignment": 0,
                "barWidthFactor": 0.6,
                "drawStyle": "line",
                "fillOpacity": 0,
                "gradientMode": "none",
                "hideFrom": {
                  "legend": false,
                  "tooltip": false,
                  "viz": false
                },
                "insertNulls": false,
                "lineInterpolation": "smooth",
                "lineWidth": 2,
                "pointSize": 5,
                "scaleDistribution": {
                  "type": "linear"
                },
                "showPoints": "auto",
                "spanNulls": false,
                "stacking": {
                  "group": "A",
                  "mode": "none"
                },
                "thresholdsStyle": {
                  "mode": "off"
                }
              },
              "mappings": [],
              "thresholds": {
                "mode": "absolute",
                "steps": [
                  {
                    "color": "green",
                    "value": 0
                  },
                  {
                    "color": "red",
                    "value": 80
                  }
                ]
              }
            },
            "overrides": []
          },
          "gridPos": {
            "h": 11,
            "w": 8,
            "x": 8,
            "y": 39
          },
          "id": 21,
          "options": {
            "legend": {
              "calcs": [],
              "displayMode": "list",
              "placement": "bottom",
              "showLegend": true
            },
            "tooltip": {
              "hideZeros": false,
              "mode": "single",
              "sort": "none"
            }
          },
          "pluginVersion": "12.2.0-16711121739",
          "targets": [
            {
              "datasource": {
                "type": "prometheus",
                "uid": "prometheus_ds"
              },
              "editorMode": "code",
              "expr": "jvm_class_loaded_total{exported_job=\"${exported_job}\"}",
              "instant": false,
              "legendFormat": "Class Loaded",
              "range": true,
              "refId": "A"
            },
            {
              "datasource": {
                "type": "prometheus",
                "uid": "prometheus_ds"
              },
              "editorMode": "code",
              "expr": "jvm_class_unloaded_total{exported_job=\"${exported_job}\"}",
              "hide": false,
              "instant": false,
              "legendFormat": "Class Unloaded",
              "range": true,
              "refId": "B"
            }
          ],
          "title": "Class Loaded/Unloaded",
          "type": "timeseries"
        },
        {
          "datasource": {
            "type": "prometheus",
            "uid": "prometheus_ds"
          },
          "fieldConfig": {
            "defaults": {
              "color": {
                "mode": "palette-classic"
              },
              "custom": {
                "axisBorderShow": false,
                "axisCenteredZero": false,
                "axisColorMode": "text",
                "axisLabel": "",
                "axisPlacement": "auto",
                "barAlignment": 0,
                "barWidthFactor": 0.6,
                "drawStyle": "line",
                "fillOpacity": 0,
                "gradientMode": "none",
                "hideFrom": {
                  "legend": false,
                  "tooltip": false,
                  "viz": false
                },
                "insertNulls": false,
                "lineInterpolation": "smooth",
                "lineWidth": 2,
                "pointSize": 5,
                "scaleDistribution": {
                  "type": "linear"
                },
                "showPoints": "auto",
                "spanNulls": false,
                "stacking": {
                  "group": "A",
                  "mode": "none"
                },
                "thresholdsStyle": {
                  "mode": "off"
                }
              },
              "mappings": [],
              "thresholds": {
                "mode": "absolute",
                "steps": [
                  {
                    "color": "green",
                    "value": 0
                  },
                  {
                    "color": "red",
                    "value": 80
                  }
                ]
              },
              "unit": "s"
            },
            "overrides": []
          },
          "gridPos": {
            "h": 11,
            "w": 8,
            "x": 16,
            "y": 39
          },
          "id": 19,
          "options": {
            "legend": {
              "calcs": [],
              "displayMode": "list",
              "placement": "bottom",
              "showLegend": true
            },
            "tooltip": {
              "hideZeros": false,
              "mode": "single",
              "sort": "none"
            }
          },
          "pluginVersion": "12.2.0-16711121739",
          "targets": [
            {
              "datasource": {
                "type": "prometheus",
                "uid": "prometheus_ds"
              },
              "editorMode": "code",
              "expr": "sum by (jvm_gc_name) (\n  rate(jvm_gc_duration_seconds_sum{exported_job=\"${exported_job}\"}[$__range])\n)\n/\nsum by (jvm_gc_name) (\n  rate(jvm_gc_duration_seconds_count{exported_job=\"${exported_job}\"}[$__range])\n)",
              "instant": false,
              "legendFormat": "__auto",
              "range": true,
              "refId": "A"
            }
          ],
          "title": "GC Time",
          "type": "timeseries"
        }
      ],
      "title": "JMX",
      "type": "row"
    }
  ],
  "preload": false,
  "refresh": "10s",
  "schemaVersion": 41,
  "tags": [
    "metrics"
  ],
  "templating": {
    "list": [
      {
        "allowCustomValue": false,
        "current": {
          "text": "actor-service",
          "value": "actor-service"
        },
        "datasource": {
          "type": "prometheus",
          "uid": "prometheus_ds"
        },
        "definition": "label_values(http_server_request_duration_seconds_sum,exported_job)",
        "includeAll": false,
        "label": "Service",
        "name": "exported_job",
        "options": [],
        "query": {
          "qryType": 1,
          "query": "label_values(http_server_request_duration_seconds_sum,exported_job)",
          "refId": "PrometheusVariableQueryEditor-VariableQuery"
        },
        "refresh": 2,
        "regex": "",
        "type": "query"
      }
    ]
  },
  "time": {
    "from": "now-1h",
    "to": "now"
  },
  "timepicker": {},
  "timezone": "browser",
  "title": "Metrics",
  "uid": "54cf8823-3929-4281-8ea8-ba87dd605cdc",
  "version": 1
}