{
  "annotations": {
    "list": [
      {
        "builtIn": 1,
        "datasource": {
          "type": "grafana",
          "uid": "-- Grafana --"
        },
        "enable": true,
        "hide": true,
        "iconColor": "rgba(0, 211, 255, 1)",
        "name": "Annotations & Alerts",
        "type": "dashboard"
      }
    ]
  },
  "editable": true,
  "fiscalYearStartMonth": 0,
  "graphTooltip": 0,
  "id": 2,
  "links": [
    {
      "asDropdown": false,
      "icon": "external link",
      "includeVars": false,
      "keepTime": true,
      "tags": [
        "logs"
      ],
      "targetBlank": true,
      "title": "Logs",
      "tooltip": "",
      "type": "dashboards",
      "url": ""
    },
    {
      "asDropdown": false,
      "icon": "external link",
      "includeVars": false,
      "keepTime": true,
      "tags": [
        "metrics"
      ],
      "targetBlank": true,
      "title": "Metrics",
      "tooltip": "",
      "type": "dashboards",
      "url": ""
    }
  ],
  "panels": [
    {
      "datasource": {
        "type": "tempo",
        "uid": "tempo_ds"
      },
      "fieldConfig": {
        "defaults": {
          "custom": {
            "align": "auto",
            "cellOptions": {
              "type": "auto"
            },
            "filterable": true,
            "inspect": false
          },
          "mappings": [],
          "thresholds": {
            "mode": "absolute",
            "steps": [
              {
                "color": "green",
                "value": 0
              },
              {
                "color": "red",
                "value": 80
              }
            ]
          }
        },
        "overrides": []
      },
      "gridPos": {
        "h": 19,
        "w": 24,
        "x": 0,
        "y": 0
      },
      "id": 2,
      "options": {
        "cellHeight": "sm",
        "footer": {
          "countRows": false,
          "fields": "",
          "reducer": [
            "sum"
          ],
          "show": false
        },
        "showHeader": true
      },
      "pluginVersion": "12.2.0-16711121739",
      "targets": [
        {
          "datasource": {
            "type": "tempo",
            "uid": "tempo_ds"
          },
          "filters": [
            {
              "id": "89349037",
              "isCustomValue": false,
              "operator": "=",
              "scope": "intrinsic",
              "tag": "rootName",
              "value": [
                "GET /api/movies/{movieId}"
              ],
              "valueType": "string"
            },
            {
              "id": "status",
              "isCustomValue": false,
              "operator": "=",
              "scope": "intrinsic",
              "tag": "status",
              "value": "$trace_status",
              "valueType": "keyword"
            }
          ],
          "limit": 20,
          "metricsQueryType": "range",
          "queryType": "traceqlSearch",
          "refId": "A",
          "tableType": "traces"
        }
      ],
      "title": "Traces",
      "transformations": [
        {
          "id": "sortBy",
          "options": {
            "fields": {},
            "sort": [
              {
                "desc": true,
                "field": "Start time"
              }
            ]
          }
        }
      ],
      "type": "table"
    }
  ],
  "preload": false,
  "schemaVersion": 41,
  "tags": [
    "traces"
  ],
  "templating": {
    "list": [
      {
        "allowCustomValue": false,
        "current": {
          "text": "unset",
          "value": "unset"
        },
        "label": "Status",
        "name": "trace_status",
        "options": [
          {
            "selected": true,
            "text": "All",
            "value": "unset"
          },
          {
            "selected": false,
            "text": "Error",
            "value": "error"
          }
        ],
        "query": "All : unset, Error : error",
        "type": "custom"
      }
    ]
  },
  "time": {
    "from": "now-1h",
    "to": "now"
  },
  "timepicker": {},
  "timezone": "browser",
  "title": "Traces",
  "uid": "8ef2a47a-7554-4e15-ad02-a93df59815af",
  "version": 1
}